<?xml version="1.0" encoding="utf-8"?>
<feed xmlns="http://www.w3.org/2005/Atom">
  <title>菩提树</title>
  
  <subtitle>ptshu.github.io</subtitle>
  <link href="https://ptshu.github.io/atom.xml" rel="self"/>
  
  <link href="https://ptshu.github.io/"/>
  <updated>2024-07-31T14:51:05.374Z</updated>
  <id>https://ptshu.github.io/</id>
  
  <author>
    <name>菩提</name>
    
  </author>
  
  <generator uri="https://hexo.io/">Hexo</generator>
  
  <entry>
    <title>win10的windows资源管理器无反应</title>
    <link href="https://ptshu.github.io/2024/07/31/win10%E7%9A%84windows%E8%B5%84%E6%BA%90%E7%AE%A1%E7%90%86%E5%99%A8%E6%97%A0%E5%8F%8D%E5%BA%94/"/>
    <id>https://ptshu.github.io/2024/07/31/win10%E7%9A%84windows%E8%B5%84%E6%BA%90%E7%AE%A1%E7%90%86%E5%99%A8%E6%97%A0%E5%8F%8D%E5%BA%94/</id>
    <published>2024-07-31T14:50:15.000Z</published>
    <updated>2024-07-31T14:51:05.374Z</updated>
    
    <content type="html"><![CDATA[<p>正确处理方法：<br>在任务管理器中点右键，选择“重新启动”</p><span id="more"></span><p>错误处理方法：<br>在任务管理器中点右键，选择“结束任务”，结果会出现任务栏黑屏，需要注销或者重启电脑。</p>]]></content>
    
    
    <summary type="html">&lt;p&gt;正确处理方法：&lt;br&gt;在任务管理器中点右键，选择“重新启动”&lt;/p&gt;</summary>
    
    
    
    <category term="网络智能" scheme="https://ptshu.github.io/categories/%E7%BD%91%E7%BB%9C%E6%99%BA%E8%83%BD/"/>
    
    
    <category term="win10" scheme="https://ptshu.github.io/tags/win10/"/>
    
  </entry>
  
  <entry>
    <title>最全DNS服务器汇总（包含国内外大部分的DNS服务器）</title>
    <link href="https://ptshu.github.io/2024/07/31/%E6%9C%80%E5%85%A8DNS%E6%9C%8D%E5%8A%A1%E5%99%A8%E6%B1%87%E6%80%BB%EF%BC%88%E5%8C%85%E5%90%AB%E5%9B%BD%E5%86%85%E5%A4%96%E5%A4%A7%E9%83%A8%E5%88%86%E7%9A%84DNS%E6%9C%8D%E5%8A%A1%E5%99%A8%EF%BC%89/"/>
    <id>https://ptshu.github.io/2024/07/31/%E6%9C%80%E5%85%A8DNS%E6%9C%8D%E5%8A%A1%E5%99%A8%E6%B1%87%E6%80%BB%EF%BC%88%E5%8C%85%E5%90%AB%E5%9B%BD%E5%86%85%E5%A4%96%E5%A4%A7%E9%83%A8%E5%88%86%E7%9A%84DNS%E6%9C%8D%E5%8A%A1%E5%99%A8%EF%BC%89/</id>
    <published>2024-07-31T14:18:37.000Z</published>
    <updated>2024-07-31T14:27:53.618Z</updated>
    
    <content type="html"><![CDATA[<figure class="highlight plaintext"><table><tr><td class="gutter"><pre><span class="line">1</span><br><span class="line">2</span><br><span class="line">3</span><br></pre></td><td class="code"><pre><span class="line">UDP传输时间短，加密统一选择：https</span><br><span class="line"></span><br><span class="line">DNS查询：https://dns.ip.cn/</span><br></pre></td></tr></table></figure><span id="more"></span><figure class="highlight plaintext"><table><tr><td class="gutter"><pre><span class="line">1</span><br><span class="line">2</span><br><span class="line">3</span><br><span class="line">4</span><br><span class="line">5</span><br><span class="line">6</span><br><span class="line">7</span><br><span class="line">8</span><br><span class="line">9</span><br><span class="line">10</span><br><span class="line">11</span><br><span class="line">12</span><br><span class="line">13</span><br><span class="line">14</span><br><span class="line">15</span><br><span class="line">16</span><br><span class="line">17</span><br><span class="line">18</span><br><span class="line">19</span><br><span class="line">20</span><br><span class="line">21</span><br><span class="line">22</span><br><span class="line">23</span><br><span class="line">24</span><br><span class="line">25</span><br><span class="line">26</span><br><span class="line">27</span><br><span class="line">28</span><br><span class="line">29</span><br><span class="line">30</span><br><span class="line">31</span><br><span class="line">32</span><br><span class="line">33</span><br><span class="line">34</span><br><span class="line">35</span><br><span class="line">36</span><br><span class="line">37</span><br><span class="line">38</span><br><span class="line">39</span><br><span class="line">40</span><br><span class="line">41</span><br><span class="line">42</span><br><span class="line">43</span><br><span class="line">44</span><br><span class="line">45</span><br><span class="line">46</span><br><span class="line">47</span><br><span class="line">48</span><br><span class="line">49</span><br><span class="line">50</span><br><span class="line">51</span><br><span class="line">52</span><br><span class="line">53</span><br><span class="line">54</span><br><span class="line">55</span><br><span class="line">56</span><br><span class="line">57</span><br><span class="line">58</span><br><span class="line">59</span><br><span class="line">60</span><br><span class="line">61</span><br><span class="line">62</span><br><span class="line">63</span><br><span class="line">64</span><br><span class="line">65</span><br><span class="line">66</span><br><span class="line">67</span><br><span class="line">68</span><br><span class="line">69</span><br><span class="line">70</span><br><span class="line">71</span><br><span class="line">72</span><br><span class="line">73</span><br><span class="line">74</span><br><span class="line">75</span><br><span class="line">76</span><br><span class="line">77</span><br><span class="line">78</span><br><span class="line">79</span><br><span class="line">80</span><br><span class="line">81</span><br><span class="line">82</span><br><span class="line">83</span><br><span class="line">84</span><br></pre></td><td class="code"><pre><span class="line"></span><br><span class="line">国内DNS:</span><br><span class="line"></span><br><span class="line">阿里公共DNS：</span><br><span class="line"></span><br><span class="line">223.5.5.5   类型选择：UDP</span><br><span class="line"></span><br><span class="line">223.6.6.6   类型选择：UDP</span><br><span class="line"></span><br><span class="line">阿里加密DNS：alidns_ip/dns-query   类型选择：https</span><br><span class="line"></span><br><span class="line">阿里加密DNS：dns.alidns.com/dns-query   类型选择：https</span><br><span class="line"></span><br><span class="line">DoT 地址:  dns.alidns.com</span><br><span class="line"></span><br><span class="line">DoH 地址: https://dns.alidns.com/dns-query</span><br><span class="line"></span><br><span class="line">腾讯公共DNS:</span><br><span class="line"></span><br><span class="line">DNS：119.29.29.29  类型选择：UDP</span><br><span class="line"></span><br><span class="line">腾讯加密DNS：doh.pub/dns-query  类型选择：https</span><br><span class="line"></span><br><span class="line">腾讯加密DNS：sm2.doh.pub/dns-query  类型选择：https</span><br><span class="line"></span><br><span class="line">DoT 地址:  dot.pub</span><br><span class="line"></span><br><span class="line">DoH 地址: https://doh.pub/dns-query</span><br><span class="line"></span><br><span class="line">DoH (国密 SM2,基于腾讯云政企国密解决方案) 地址:https://sm2.doh.pub/dns-query</span><br><span class="line"></span><br><span class="line">360公共DNS</span><br><span class="line"></span><br><span class="line">中国电信/铁通/移动：  101.226.4.6   218.30.118.6   类型选择：UDP</span><br><span class="line"></span><br><span class="line">中国联通：  123.125.81.6      140.207.198.6   类型选择：UDP</span><br><span class="line"></span><br><span class="line">百度公共DNS：180.76.76.76  类型选择：UDP</span><br><span class="line"></span><br><span class="line">114DNS：114.114.114.114    114.114.115.115   类型选择：UDP</span><br><span class="line"></span><br><span class="line">国外DNS：</span><br><span class="line"></span><br><span class="line">CloudflareDNS：1.1.1.1   类型选择：UDP</span><br><span class="line"></span><br><span class="line">Cloudflare加密DNS：1.1.1.1/dns-query   类型选择：tls</span><br><span class="line"></span><br><span class="line">DoT 地址:  cloudflare-dns.com</span><br><span class="line"></span><br><span class="line">DoH 地址: https://1dot1dot1dot1.cloudflare-dns.com/</span><br><span class="line"></span><br><span class="line">Google DNS：</span><br><span class="line"></span><br><span class="line">8.8.8.8      8.8.4.4    类型选择：UDP</span><br><span class="line"></span><br><span class="line">谷歌加密DNS：https://dns.google/dns-query   类型选择：https</span><br><span class="line"></span><br><span class="line">谷歌加密DNS：dns.google   类型选择：tls</span><br><span class="line"></span><br><span class="line">Norton ConnectSafe： 199.85.126.10    199.85.127.10  类型选择：UDP</span><br><span class="line"></span><br><span class="line">威瑞信：64.6.64.6   64.6.65.6  类型选择：UDP</span><br><span class="line"></span><br><span class="line">Comodo安全DNS：  8.26.56.2    68.20.247.20  类型选择：UDP</span><br><span class="line"></span><br><span class="line">DNS Watch： 84.200.69.80    84.200.70.40  类型选择：UDP</span><br><span class="line"></span><br><span class="line">Quad9：</span><br><span class="line"></span><br><span class="line">Quda9加密DNS：dns11.quad9.net/dns-query</span><br><span class="line"></span><br><span class="line">DoT 地址:  dns.quad9.net</span><br><span class="line"></span><br><span class="line">DoH 地址: https://dns.quad9.net/dns-query</span><br><span class="line"></span><br><span class="line">相关网址：</span><br><span class="line"></span><br><span class="line">https://www.cccitu.com/2205354.html</span><br><span class="line"></span><br><span class="line">https://dns.icoa.cn/dot-doh/</span><br><span class="line"></span><br><span class="line">https://cloud.tencent.com/developer/article/1924976?from=15425</span><br><span class="line"></span><br><span class="line">https://www.techug.com/post/free-dns-server-ip-list/</span><br></pre></td></tr></table></figure>]]></content>
    
    
    <summary type="html">&lt;figure class=&quot;highlight plaintext&quot;&gt;&lt;table&gt;&lt;tr&gt;&lt;td class=&quot;gutter&quot;&gt;&lt;pre&gt;&lt;span class=&quot;line&quot;&gt;1&lt;/span&gt;&lt;br&gt;&lt;span class=&quot;line&quot;&gt;2&lt;/span&gt;&lt;br&gt;&lt;span class=&quot;line&quot;&gt;3&lt;/span&gt;&lt;br&gt;&lt;/pre&gt;&lt;/td&gt;&lt;td class=&quot;code&quot;&gt;&lt;pre&gt;&lt;span class=&quot;line&quot;&gt;UDP传输时间短，加密统一选择：https&lt;/span&gt;&lt;br&gt;&lt;span class=&quot;line&quot;&gt;&lt;/span&gt;&lt;br&gt;&lt;span class=&quot;line&quot;&gt;DNS查询：https://dns.ip.cn/&lt;/span&gt;&lt;br&gt;&lt;/pre&gt;&lt;/td&gt;&lt;/tr&gt;&lt;/table&gt;&lt;/figure&gt;</summary>
    
    
    
    <category term="网络智能" scheme="https://ptshu.github.io/categories/%E7%BD%91%E7%BB%9C%E6%99%BA%E8%83%BD/"/>
    
    
  </entry>
  
  <entry>
    <title>win10系统怎么设置文件默认打开方式</title>
    <link href="https://ptshu.github.io/2024/07/31/win10%E7%B3%BB%E7%BB%9F%E6%80%8E%E4%B9%88%E8%AE%BE%E7%BD%AE%E6%96%87%E4%BB%B6%E9%BB%98%E8%AE%A4%E6%89%93%E5%BC%80%E6%96%B9%E5%BC%8F/"/>
    <id>https://ptshu.github.io/2024/07/31/win10%E7%B3%BB%E7%BB%9F%E6%80%8E%E4%B9%88%E8%AE%BE%E7%BD%AE%E6%96%87%E4%BB%B6%E9%BB%98%E8%AE%A4%E6%89%93%E5%BC%80%E6%96%B9%E5%BC%8F/</id>
    <published>2024-07-31T13:48:37.000Z</published>
    <updated>2024-07-31T14:43:46.026Z</updated>
    
    <content type="html"><![CDATA[<p>　　1.首先我们找到想要设置的文件之后，使用鼠标右键点击它，然后在出现的界面中选择点击属性这个选项。<br>文章摘要</p><span id="more"></span><p>　　2.点击属性之后，在打开的属性界面中我们可以看到有打开方式这一栏，然后我们点击它右边的更改按钮，如下图中所示。</p><p>　　3.点击之后就会出现一个选择这个文件默认打开方式的界面，我们在这些界面中找到自己想要设置的那一个默认打开方式之后并点击就可以成功设置它的默认打开方式了。</p>]]></content>
    
    
    <summary type="html">&lt;p&gt;　　1.首先我们找到想要设置的文件之后，使用鼠标右键点击它，然后在出现的界面中选择点击属性这个选项。&lt;br&gt;文章摘要&lt;/p&gt;</summary>
    
    
    
    <category term="网络智能" scheme="https://ptshu.github.io/categories/%E7%BD%91%E7%BB%9C%E6%99%BA%E8%83%BD/"/>
    
    
    <category term="win10" scheme="https://ptshu.github.io/tags/win10/"/>
    
  </entry>
  
  <entry>
    <title>主题BlueLake配置文件_config.yml说明</title>
    <link href="https://ptshu.github.io/2024/07/03/%E4%B8%BB%E9%A2%98BlueLake%E9%85%8D%E7%BD%AE%E6%96%87%E4%BB%B6_config.yml%E8%AF%B4%E6%98%8E/"/>
    <id>https://ptshu.github.io/2024/07/03/%E4%B8%BB%E9%A2%98BlueLake%E9%85%8D%E7%BD%AE%E6%96%87%E4%BB%B6_config.yml%E8%AF%B4%E6%98%8E/</id>
    <published>2024-07-03T14:48:37.000Z</published>
    <updated>2024-07-31T14:23:19.139Z</updated>
    
    <content type="html"><![CDATA[<p>打开themes&#x2F;BlueLake&#x2F;_config.yml进行配置</p><p>version - 用于自动刷新CDN上的静态文件。<br>dark - 深色&#x2F;浅色 切换。<br>favicon - 浏览器标签页图标</p><span id="more"></span><p>banner&#x2F;banner-dark：背景图<br>menu - 导航菜单。<br>Plugins - 需要安装的（网站地图）插件<br>sitemap - 网站地图文件路径<br>excerpt_link - 阅读更多按钮文本<br>fancybox - 图片查看器<br>copyright - 文章版权信息<br>date_formats - 日期格式<br>sidebar - 侧边栏位置<br>widgets - 侧边栏中的窗口小部件。<br>archive_type - 侧边栏归档显示方式(yearly&#x2F;monthly)<br>archive_format - 侧边栏归档显示日期格式<br>show_count - 侧边栏是否显示计数<br>recent_posts_limits - 侧边栏最新文章显示条数<br>Toc - 文章目录<br>share - 分享<br>reward - 打赏功能.<br>about - 关于我页面配置<br>gitalk - Gitalk评论配置<br>valine - Valine评论配置<br>changyan - 畅言评论配置<br>comment- 其他评论配置<br>links - 友情链接</p>]]></content>
    
    
    <summary type="html">&lt;p&gt;打开themes&amp;#x2F;BlueLake&amp;#x2F;_config.yml进行配置&lt;/p&gt;
&lt;p&gt;version - 用于自动刷新CDN上的静态文件。&lt;br&gt;dark - 深色&amp;#x2F;浅色 切换。&lt;br&gt;favicon - 浏览器标签页图标&lt;/p&gt;</summary>
    
    
    
    <category term="hexo博客" scheme="https://ptshu.github.io/categories/hexo%E5%8D%9A%E5%AE%A2/"/>
    
    
  </entry>
  
  <entry>
    <title>几种常用的电脑快捷键</title>
    <link href="https://ptshu.github.io/2024/07/02/%E5%87%A0%E7%A7%8D%E5%B8%B8%E7%94%A8%E7%9A%84%E7%94%B5%E8%84%91%E5%BF%AB%E6%8D%B7%E9%94%AE/"/>
    <id>https://ptshu.github.io/2024/07/02/%E5%87%A0%E7%A7%8D%E5%B8%B8%E7%94%A8%E7%9A%84%E7%94%B5%E8%84%91%E5%BF%AB%E6%8D%B7%E9%94%AE/</id>
    <published>2024-07-02T15:58:37.000Z</published>
    <updated>2024-07-31T14:30:36.750Z</updated>
    
    <content type="html"><![CDATA[<p>快捷键是很多电脑高手操作电脑最常用到的，通常我们会发现，实际电脑操作中，很多麻烦的电脑操作，完全可以通过简简单单的组合快捷键轻松完成，并且看起来特牛逼。</p><p>以下分享一些电脑老手最常使用的一些键盘快捷键，希望对菜鸟朋友有所帮助，有些或许你也知道，感兴趣的你可以了解下哦！</p><span id="more"></span><p>开场先介绍下下面用到的最多的Windows键是什么键，在以下组合快捷键中Windows键（简称 Win 键）出现的特别多，先介绍下电脑上的Win键在哪。其实Win键处于电脑键盘的左下角，处于Ctrl键与Alt键中间的那个带着微软的徽标的键就就是Win键。<br>Win键+D：显示桌面，隐藏窗口<br>Win键+E：打开资源管理器窗口<br>Win键+F：搜索文件或者文件夹<br>Win键+G：在边栏中的内容进行切换<br>Win键+L：锁定屏幕或者切换用户<br>Win键+M：最小化所有的窗口<br>Win键+Pause&#x2F;Break：显示系统属性<br>Win键+R：打开运行窗口<br>Win键+Shift+M：在桌面上恢复所有最小化的窗口<br>Win键+Space：把边栏带显示到最前<br>Win键+T：在任务栏的程序间进行切换<br>Win键+Tab：Windows 三维窗口切换<br>Win键+U：打开快速访问中心<br>其他实用电脑按键与快捷键作用汇总：<br>F1：显示当前程序或者windows的帮助内容。<br>F2：当你选中一个文件的话，这意味着“重命名”<br>F3：当你在桌面上的时候是打开“查找：所有文件” 对话框<br>F10或ALT：激活当前程序的菜单栏<br>windows键或CTRL+ESC：打开开始菜单<br>CTRL+ALT+DELETE：关闭当前程序对话框<br>DELETE：删除被选择的选择项目，如果是文件，将被放入回收站<br>PRINT SCREEN：将当前屏幕以图象方式拷贝到剪贴板<br>SHIFT+DELETE：删除被选择的选择项目，如果是文件，将被直接删除而不是放入回收站，因此删除重要文章须慎重。<br>Ctrl+A：全选<br>Ctrl+Alt+Tab：不关闭菜单，循环切换打开的窗口<br>Ctrl+B：IE7 中整理收藏夹<br>Ctrl+C或CTRL+INSERT ：复制<br>Ctrl+D：IE7 中将当前页加入收藏夹<br>Ctrl+E：激活搜索栏，资源管理器和IE7中有效<br>Ctrl+Esc：打开开始菜单<br>Ctrl+F：IE7 中打开搜索当前页面菜单<br>Ctrl+H：IE7 中打开历史记录<br>Ctrl+I：IE7 中打开收藏夹<br>Ctrl+J：IE7 中打开 RSS Feed<br>Ctrl+N：IE7 中打开与当前窗口相同的另一个新窗口<br>CTRL+O：打开“打开文件”对话框<br>Ctrl+P：IE7 中打印<br>Ctrl+Q：IE7 中打开快速导航选项卡<br>Ctrl+R：IE7 中刷新当前选项卡<br>CTRL+S：保存当前操作的文件<br>Ctrl+Shift+Esc：打开任务管理器<br>Ctrl+Space:切换中英输入法<br>Ctrl+T:IE7 中打开新选项卡<br>Ctrl+V:粘贴<br>Ctrl+W:关闭当前窗口，IE7 中关闭当前选项卡（tab）<br>Ctrl+X:剪切<br>Ctrl+Y:重复上一次操作<br>Ctrl+Z:撤销上一次操作<br>Ctrl+数字:IE7 中切换至与数字相对应的第 N 个选项卡<br>CTRL+F4：关闭当前应用程序中的当前文本（如word中）<br>CTRL+F6：切换到当前应用程序中的下一个文本（加shift 可以跳到前<br>一个窗口）<br>SHIFT+INSERT 或 CTRL+V：粘贴剪贴板中的内容到当前位置<br>ALT+BACKSPACE 或 CTRL+Z：撤销上一步的操作<br>ALT+SHIFT+BACKSPACE：重做上一步被撤销的操作<br>ALT+F4：关闭当前应用程序<br>ALT+SPACEBAR：打开程序最左上角的菜单<br>ALT+TAB：切换当前程序<br>ALT+ESC：切换当前程序<br>ALT+ENTER：将windows下运行的MSDOS窗口在窗口和全屏幕状态间切换<br>ALT+PRINT SCREEN：将当前活动程序窗口以图象方式拷贝到剪贴板</p>]]></content>
    
    
    <summary type="html">&lt;p&gt;快捷键是很多电脑高手操作电脑最常用到的，通常我们会发现，实际电脑操作中，很多麻烦的电脑操作，完全可以通过简简单单的组合快捷键轻松完成，并且看起来特牛逼。&lt;/p&gt;
&lt;p&gt;以下分享一些电脑老手最常使用的一些键盘快捷键，希望对菜鸟朋友有所帮助，有些或许你也知道，感兴趣的你可以了解下哦！&lt;/p&gt;</summary>
    
    
    
    <category term="网络智能" scheme="https://ptshu.github.io/categories/%E7%BD%91%E7%BB%9C%E6%99%BA%E8%83%BD/"/>
    
    
  </entry>
  
  <entry>
    <title>电脑常用命令</title>
    <link href="https://ptshu.github.io/2024/07/02/%E7%94%B5%E8%84%91%E5%B8%B8%E7%94%A8%E5%91%BD%E4%BB%A4/"/>
    <id>https://ptshu.github.io/2024/07/02/%E7%94%B5%E8%84%91%E5%B8%B8%E7%94%A8%E5%91%BD%E4%BB%A4/</id>
    <published>2024-07-02T15:48:37.000Z</published>
    <updated>2024-07-31T14:30:27.161Z</updated>
    
    <content type="html"><![CDATA[<figure class="highlight plaintext"><table><tr><td class="gutter"><pre><span class="line">1</span><br><span class="line">2</span><br><span class="line">3</span><br></pre></td><td class="code"><pre><span class="line">gpedit.msc—–组策略</span><br><span class="line">Nslookup——-IP地址侦测器</span><br><span class="line">explorer——-打开资源管理器</span><br></pre></td></tr></table></figure><span id="more"></span><figure class="highlight plaintext"><table><tr><td class="gutter"><pre><span class="line">1</span><br><span class="line">2</span><br><span class="line">3</span><br><span class="line">4</span><br><span class="line">5</span><br><span class="line">6</span><br><span class="line">7</span><br><span class="line">8</span><br><span class="line">9</span><br><span class="line">10</span><br><span class="line">11</span><br><span class="line">12</span><br><span class="line">13</span><br><span class="line">14</span><br><span class="line">15</span><br><span class="line">16</span><br><span class="line">17</span><br><span class="line">18</span><br><span class="line">19</span><br><span class="line">20</span><br><span class="line">21</span><br><span class="line">22</span><br><span class="line">23</span><br><span class="line">24</span><br><span class="line">25</span><br><span class="line">26</span><br><span class="line">27</span><br><span class="line">28</span><br><span class="line">29</span><br><span class="line">30</span><br><span class="line">31</span><br><span class="line">32</span><br><span class="line">33</span><br><span class="line">34</span><br><span class="line">35</span><br><span class="line">36</span><br><span class="line">37</span><br><span class="line">38</span><br><span class="line">39</span><br><span class="line">40</span><br><span class="line">41</span><br><span class="line">42</span><br><span class="line">43</span><br><span class="line">44</span><br><span class="line">45</span><br><span class="line">46</span><br><span class="line">47</span><br><span class="line">48</span><br><span class="line">49</span><br><span class="line">50</span><br><span class="line">51</span><br><span class="line">52</span><br><span class="line">53</span><br><span class="line">54</span><br><span class="line">55</span><br><span class="line">56</span><br><span class="line">57</span><br><span class="line">58</span><br><span class="line">59</span><br><span class="line">60</span><br><span class="line">61</span><br><span class="line">62</span><br><span class="line">63</span><br><span class="line">64</span><br><span class="line">65</span><br><span class="line">66</span><br><span class="line">67</span><br><span class="line">68</span><br><span class="line">69</span><br><span class="line">70</span><br><span class="line">71</span><br><span class="line">72</span><br><span class="line">73</span><br><span class="line">74</span><br><span class="line">75</span><br><span class="line">76</span><br><span class="line">77</span><br><span class="line">78</span><br><span class="line">79</span><br><span class="line">80</span><br><span class="line">81</span><br><span class="line">82</span><br><span class="line">83</span><br><span class="line">84</span><br><span class="line">85</span><br><span class="line">86</span><br><span class="line">87</span><br><span class="line">88</span><br><span class="line">89</span><br><span class="line">90</span><br><span class="line">91</span><br><span class="line">92</span><br><span class="line">93</span><br><span class="line">94</span><br><span class="line">95</span><br><span class="line">96</span><br><span class="line">97</span><br><span class="line">98</span><br><span class="line">99</span><br><span class="line">100</span><br><span class="line">101</span><br><span class="line">102</span><br><span class="line">103</span><br><span class="line">104</span><br><span class="line">105</span><br><span class="line">106</span><br><span class="line">107</span><br><span class="line">108</span><br><span class="line">109</span><br><span class="line">110</span><br></pre></td><td class="code"><pre><span class="line">logoff———注销命令</span><br><span class="line">tsshutdn——-60秒倒计时关机命令</span><br><span class="line">lusrmgr.msc—-本机用户和组</span><br><span class="line">services.msc—</span><br><span class="line">oobe/msoobe /a—-检查XP是否激活</span><br><span class="line">notepad——–打开记事本</span><br><span class="line">cleanmgr——-垃圾整理</span><br><span class="line">net start messenger—-开始信使服务</span><br><span class="line">compmgmt.msc—计算机管理</span><br><span class="line">net stop messenger—–停止信使服务</span><br><span class="line">conf———–启动netmeeting</span><br><span class="line">dvdplay——–DVD播放器</span><br><span class="line">charmap——–启动字符映射表</span><br><span class="line">diskmgmt.msc—磁盘管理实用程序</span><br><span class="line">calc———–启动计算器</span><br><span class="line">dfrg.msc——-磁盘碎片整理程序</span><br><span class="line">chkdsk.exe—–Chkdsk磁盘检查</span><br><span class="line">devmgmt.msc— 设备管理器</span><br><span class="line">regsvr32 /u *.dll—-停止dll文件运行</span><br><span class="line">drwtsn32—— 系统医生</span><br><span class="line">rononce -p —-15秒关机</span><br><span class="line">dxdiag———检查DirectX信息</span><br><span class="line">Msconfig.exe—系统配置实用程序</span><br><span class="line">mem.exe——–显示内存使用情况</span><br><span class="line">regedit.exe—-注册表</span><br><span class="line">winchat——–XP自带局域网聊天</span><br><span class="line">progman——–程序管理器</span><br><span class="line">winmsd———系统信息</span><br><span class="line">perfmon.msc—-计算机性能监测程序</span><br><span class="line">winver———检查Windows版本</span><br><span class="line">sfc /scannow—–扫描错误并复原</span><br><span class="line">taskmgr—–任务管理器（2000／xp／2003</span><br><span class="line">winver———检查Windows版本</span><br><span class="line">wmimgmt.msc—-打开windows管理体系结构(WMI)</span><br><span class="line">wupdmgr——–windows更新程序</span><br><span class="line">wscript——–windows脚本宿主设置</span><br><span class="line">write———-写字板</span><br><span class="line">winmsd———系统信息</span><br><span class="line">wiaacmgr——-扫描仪和照相机向导</span><br><span class="line">winchat——–XP自带局域网聊天</span><br><span class="line">mem.exe——–显示内存使用情况</span><br><span class="line">Msconfig.exe—系统配置实用程序</span><br><span class="line">mplayer2——-简易widnows media player</span><br><span class="line">mspaint——–画图板</span><br><span class="line">mstsc———-远程桌面连接</span><br><span class="line">mplayer2——-媒体播放机</span><br><span class="line">magnify——–放大镜实用程序</span><br><span class="line">mmc————打开控制台</span><br><span class="line">mobsync——–同步命令</span><br><span class="line">dxdiag———检查DirectX信息</span><br><span class="line">drwtsn32—— 系统医生</span><br><span class="line">devmgmt.msc— 设备管理器</span><br><span class="line">dfrg.msc——-磁盘碎片整理程序</span><br><span class="line">diskmgmt.msc—磁盘管理实用程序</span><br><span class="line">dcomcnfg——-打开系统组件服务</span><br><span class="line">ddeshare——-打开DDE共享设置</span><br><span class="line">net stop messenger—–停止信使服务</span><br><span class="line">net start messenger—-开始信使服务</span><br><span class="line">notepad——–打开记事本</span><br><span class="line">nslookup——-网络管理的工具向导</span><br><span class="line">ntbackup——-系统备份和还原</span><br><span class="line">narrator——-屏幕“讲述人”</span><br><span class="line">ntmsmgr.msc—-移动存储管理器</span><br><span class="line">ntmsoprq.msc—移动存储管理员操作请求</span><br><span class="line">netstat -an—-(TC)命令检查接口</span><br><span class="line">syncapp——–创建一个公文包</span><br><span class="line">sysedit——–系统配置编辑器</span><br><span class="line">sigverif——-文件签名验证程序</span><br><span class="line">sndrec32——-录音机</span><br><span class="line">shrpubw——–创建共享文件夹</span><br><span class="line">secpol.msc—–本地安全策略</span><br><span class="line">syskey———系统加密，一旦加密就不能解开，保护windows xp系统的双重密码</span><br><span class="line">services.msc—本地服务设置</span><br><span class="line">Sndvol32——-音量控制程序</span><br><span class="line">sfc.exe——–系统文件检查器</span><br><span class="line">sfc /scannow—windows文件保护</span><br><span class="line">tourstart——xp简介（安装完成后出现的漫游xp程序）</span><br><span class="line">taskmgr——–任务管理器</span><br><span class="line">eventvwr——-事件查看器</span><br><span class="line">eudcedit——-造字程序</span><br><span class="line">explorer——-打开资源管理器</span><br><span class="line">packager——-对象包装程序</span><br><span class="line">perfmon.msc—-计算机性能监测程序</span><br><span class="line">progman——–程序管理器</span><br><span class="line">regedit.exe—-注册表</span><br><span class="line">rsop.msc——-组策略结果集</span><br><span class="line">regedt32——-注册表编辑器</span><br><span class="line">regsvr32 /u *.dll—-停止dll文件运行</span><br><span class="line">regsvr32 /u zipfldr.dll——取消ZIP支持</span><br><span class="line">cmd.exe——–CMD命令提示符</span><br><span class="line">chkdsk.exe—–Chkdsk磁盘检查</span><br><span class="line">certmgr.msc—-证书管理实用程序</span><br><span class="line">calc———–启动计算器</span><br><span class="line">charmap——–启动字符映射表</span><br><span class="line">cliconfg——-SQL SERVER 客户端网络实用程序</span><br><span class="line">Clipbrd——–剪贴板查看器</span><br><span class="line">conf———–启动netmeeting</span><br><span class="line">compmgmt.msc—计算机管理</span><br><span class="line">cleanmgr——-垃圾整理</span><br><span class="line">ciadv.msc——索引服务程序</span><br><span class="line">osk————打开屏幕键盘</span><br><span class="line">odbcad32——-ODBC数据源管理器</span><br><span class="line">oobe/msoobe /a—-检查XP是否激活</span><br><span class="line">lusrmgr.msc—-本机用户和组</span><br><span class="line">logoff———注销命令</span><br><span class="line">iexpress——-木马捆绑工具，系统自带</span><br><span class="line">Nslookup——-IP地址侦测器</span><br><span class="line">fsmgmt.msc—–共享文件夹管理器</span><br><span class="line">utilman——–辅助工具管理器</span><br><span class="line">gpedit.msc—–组策略</span><br></pre></td></tr></table></figure>]]></content>
    
    
    <summary type="html">&lt;figure class=&quot;highlight plaintext&quot;&gt;&lt;table&gt;&lt;tr&gt;&lt;td class=&quot;gutter&quot;&gt;&lt;pre&gt;&lt;span class=&quot;line&quot;&gt;1&lt;/span&gt;&lt;br&gt;&lt;span class=&quot;line&quot;&gt;2&lt;/span&gt;&lt;br&gt;&lt;span class=&quot;line&quot;&gt;3&lt;/span&gt;&lt;br&gt;&lt;/pre&gt;&lt;/td&gt;&lt;td class=&quot;code&quot;&gt;&lt;pre&gt;&lt;span class=&quot;line&quot;&gt;gpedit.msc—–组策略&lt;/span&gt;&lt;br&gt;&lt;span class=&quot;line&quot;&gt;Nslookup——-IP地址侦测器&lt;/span&gt;&lt;br&gt;&lt;span class=&quot;line&quot;&gt;explorer——-打开资源管理器&lt;/span&gt;&lt;br&gt;&lt;/pre&gt;&lt;/td&gt;&lt;/tr&gt;&lt;/table&gt;&lt;/figure&gt;</summary>
    
    
    
    <category term="网络智能" scheme="https://ptshu.github.io/categories/%E7%BD%91%E7%BB%9C%E6%99%BA%E8%83%BD/"/>
    
    
  </entry>
  
  <entry>
    <title>快速打开电脑网络连接的方法</title>
    <link href="https://ptshu.github.io/2024/07/02/%E5%BF%AB%E9%80%9F%E6%89%93%E5%BC%80%E7%94%B5%E8%84%91%E7%BD%91%E7%BB%9C%E8%BF%9E%E6%8E%A5%E7%9A%84%E6%96%B9%E6%B3%95/"/>
    <id>https://ptshu.github.io/2024/07/02/%E5%BF%AB%E9%80%9F%E6%89%93%E5%BC%80%E7%94%B5%E8%84%91%E7%BD%91%E7%BB%9C%E8%BF%9E%E6%8E%A5%E7%9A%84%E6%96%B9%E6%B3%95/</id>
    <published>2024-07-02T14:48:37.000Z</published>
    <updated>2024-07-31T14:07:40.214Z</updated>
    
    <content type="html"><![CDATA[<p>我的电脑是无线网络+本地连接都要使用，需要经常切换无线网络和本地连接，老方法是点击右下角的无线网络或者本地连接–网络和Internet设置–更改设配器设置。</p><p>最少3个步骤，实在是太麻烦了，今天找到了一个最快捷的方法分享给大家。</p><span id="more"></span><p>本次演示以win10系统为例。</p><p>一、鼠标右键点击新建，选择新建快捷方式。</p><p>二、输入explorer.exe ::{7007ACC7-3202-11D1-AAD2-00805FC1270E}，将此代码复制粘贴到对象的位置的栏目内。</p><p>三、点击下一步，输入网络连接，也可以不改名字，根据自己情况而定，点击完成。</p><p>桌面会生成一个网络连接名字的快捷方式图标，如下图：</p><p>双击网络连接，效果如下：</p><p>一步打开网络连接，方便快捷，这样就可以直接切换两个网络了。快去试试吧！</p><p>其它复杂方法可以从右下角的本地连接或者无线网络进入，也可以从开始–控制面板进入。还可以使用快捷键win+R,在弹出的对话框中输入“ncpa.cpl回车即可进入。</p>]]></content>
    
    
    <summary type="html">&lt;p&gt;我的电脑是无线网络+本地连接都要使用，需要经常切换无线网络和本地连接，老方法是点击右下角的无线网络或者本地连接–网络和Internet设置–更改设配器设置。&lt;/p&gt;
&lt;p&gt;最少3个步骤，实在是太麻烦了，今天找到了一个最快捷的方法分享给大家。&lt;/p&gt;</summary>
    
    
    
    <category term="网络智能" scheme="https://ptshu.github.io/categories/%E7%BD%91%E7%BB%9C%E6%99%BA%E8%83%BD/"/>
    
    
  </entry>
  
  <entry>
    <title>HTML页面完美适应手机浏览</title>
    <link href="https://ptshu.github.io/2024/06/26/HTML%E9%A1%B5%E9%9D%A2%E5%AE%8C%E7%BE%8E%E9%80%82%E5%BA%94%E6%89%8B%E6%9C%BA%E6%B5%8F%E8%A7%88/"/>
    <id>https://ptshu.github.io/2024/06/26/HTML%E9%A1%B5%E9%9D%A2%E5%AE%8C%E7%BE%8E%E9%80%82%E5%BA%94%E6%89%8B%E6%9C%BA%E6%B5%8F%E8%A7%88/</id>
    <published>2024-06-26T14:48:37.000Z</published>
    <updated>2024-07-31T14:03:21.633Z</updated>
    
    <content type="html"><![CDATA[<p>把以下代码（一行）插入HTML文件的<head></head>之间</p><figure class="highlight plaintext"><table><tr><td class="gutter"><pre><span class="line">1</span><br><span class="line">2</span><br></pre></td><td class="code"><pre><span class="line">&lt;meta content=&quot;width=device-width,initial-scale=1.0,minimum-scale=1.0,</span><br><span class="line">maximum-scale=2.0,user-scalable=yes&quot; name=&quot;viewport&quot;&gt;</span><br></pre></td></tr></table></figure><span id="more"></span><p>说明：为了代码显示方便，把长代码分成了两行，实际使用时改成一行。</p>]]></content>
    
    
    <summary type="html">&lt;p&gt;把以下代码（一行）插入HTML文件的&lt;head&gt;&lt;/head&gt;之间&lt;/p&gt;
&lt;figure class=&quot;highlight plaintext&quot;&gt;&lt;table&gt;&lt;tr&gt;&lt;td class=&quot;gutter&quot;&gt;&lt;pre&gt;&lt;span class=&quot;line&quot;&gt;1&lt;/span&gt;&lt;br&gt;&lt;span class=&quot;line&quot;&gt;2&lt;/span&gt;&lt;br&gt;&lt;/pre&gt;&lt;/td&gt;&lt;td class=&quot;code&quot;&gt;&lt;pre&gt;&lt;span class=&quot;line&quot;&gt;&amp;lt;meta content=&amp;quot;width=device-width,initial-scale=1.0,minimum-scale=1.0,&lt;/span&gt;&lt;br&gt;&lt;span class=&quot;line&quot;&gt;maximum-scale=2.0,user-scalable=yes&amp;quot; name=&amp;quot;viewport&amp;quot;&amp;gt;&lt;/span&gt;&lt;br&gt;&lt;/pre&gt;&lt;/td&gt;&lt;/tr&gt;&lt;/table&gt;&lt;/figure&gt;</summary>
    
    
    
    <category term="网络智能" scheme="https://ptshu.github.io/categories/%E7%BD%91%E7%BB%9C%E6%99%BA%E8%83%BD/"/>
    
    
  </entry>
  
  <entry>
    <title>电脑网页下载酷狗音乐</title>
    <link href="https://ptshu.github.io/2024/06/20/%E7%94%B5%E8%84%91%E7%BD%91%E9%A1%B5%E4%B8%8B%E8%BD%BD%E9%85%B7%E7%8B%97%E9%9F%B3%E4%B9%90/"/>
    <id>https://ptshu.github.io/2024/06/20/%E7%94%B5%E8%84%91%E7%BD%91%E9%A1%B5%E4%B8%8B%E8%BD%BD%E9%85%B7%E7%8B%97%E9%9F%B3%E4%B9%90/</id>
    <published>2024-06-20T14:48:37.000Z</published>
    <updated>2024-07-31T13:59:04.458Z</updated>
    
    <content type="html"><![CDATA[<p>搜索自己想要找的音乐<br>选择播放，鼠标右键，选择“检查”<br>找到代码，<br><code>&lt;audio class=&quot;music&quot; id=&quot;myAudio&quot; src=&quot;</code></p><span id="more"></span><p>复制带.mp3的地址，在浏览器打开，点三条杠的图标下载音乐</p>]]></content>
    
    
    <summary type="html">&lt;p&gt;搜索自己想要找的音乐&lt;br&gt;选择播放，鼠标右键，选择“检查”&lt;br&gt;找到代码，&lt;br&gt;&lt;code&gt;&amp;lt;audio class=&amp;quot;music&amp;quot; id=&amp;quot;myAudio&amp;quot; src=&amp;quot;&lt;/code&gt;&lt;/p&gt;</summary>
    
    
    
    <category term="网络智能" scheme="https://ptshu.github.io/categories/%E7%BD%91%E7%BB%9C%E6%99%BA%E8%83%BD/"/>
    
    
  </entry>
  
  <entry>
    <title>几个免费可用的图床网站</title>
    <link href="https://ptshu.github.io/2024/06/20/%E5%87%A0%E4%B8%AA%E5%85%8D%E8%B4%B9%E5%8F%AF%E7%94%A8%E7%9A%84%E5%9B%BE%E5%BA%8A%E7%BD%91%E7%AB%99/"/>
    <id>https://ptshu.github.io/2024/06/20/%E5%87%A0%E4%B8%AA%E5%85%8D%E8%B4%B9%E5%8F%AF%E7%94%A8%E7%9A%84%E5%9B%BE%E5%BA%8A%E7%BD%91%E7%AB%99/</id>
    <published>2024-06-20T13:48:37.000Z</published>
    <updated>2024-07-31T13:53:29.646Z</updated>
    
    <content type="html"><![CDATA[<p>Picgo<br>网址：<a href="https://www.picgo.net/">https://www.picgo.net/</a></p><p>不用注册也可上传图片，注册登录后可更方便管理图片，支持最大 25 M的图片，可设置定时删除图像。</p><span id="more"></span><p>路过图床<br>网址：<a href="https://imgse.com/">https://imgse.com</a></p><p>需要注册，不过注册很简单，使用邮箱注册即可使用。单个文件最大10M，支持上传各种格式的图片，不过不支持gif。</p><p>风筝图床<br>网址：<a href="https://www.imgbed.link/">https://www.imgbed.link/</a></p><p>不登录上传图片有效期为 3 天 ，注册登录后链接长期有效，总储存1GB，单个文件支持最大 1G，单次最大上传10个。</p><p>Hello图床<br>网址：<a href="https://www.helloimg.com/">https://www.helloimg.com/</a></p><p>不登录也可上传图片，注册登录后链接长期有效，总储存1GB，免费版仅支持最大1M的图片。</p><p>ImageHub<br>网址：<a href="https://www.imagehub.cc/">https://www.imagehub.cc/</a></p><p>可以免注册上传，游客最大 2MB，注册用户最大 10MB 图片，使用香港服务器，速度非常快，就是不知道能否持续运营下去。</p>]]></content>
    
    
    <summary type="html">&lt;p&gt;Picgo&lt;br&gt;网址：&lt;a href=&quot;https://www.picgo.net/&quot;&gt;https://www.picgo.net/&lt;/a&gt;&lt;/p&gt;
&lt;p&gt;不用注册也可上传图片，注册登录后可更方便管理图片，支持最大 25 M的图片，可设置定时删除图像。&lt;/p&gt;</summary>
    
    
    
    <category term="网络智能" scheme="https://ptshu.github.io/categories/%E7%BD%91%E7%BB%9C%E6%99%BA%E8%83%BD/"/>
    
    
  </entry>
  
  <entry>
    <title>HTML页内定位链接</title>
    <link href="https://ptshu.github.io/2024/06/11/HTML%E9%A1%B5%E5%86%85%E5%AE%9A%E4%BD%8D%E9%93%BE%E6%8E%A5/"/>
    <id>https://ptshu.github.io/2024/06/11/HTML%E9%A1%B5%E5%86%85%E5%AE%9A%E4%BD%8D%E9%93%BE%E6%8E%A5/</id>
    <published>2024-06-11T11:55:48.000Z</published>
    <updated>2024-06-11T11:56:35.631Z</updated>
    
    <content type="html"><![CDATA[<p>HTML页内定位链接可以通过使用锚点（anchor）实现</p><span id="more"></span><figure class="highlight plaintext"><table><tr><td class="gutter"><pre><span class="line">1</span><br><span class="line">2</span><br><span class="line">3</span><br><span class="line">4</span><br><span class="line">5</span><br><span class="line">6</span><br><span class="line">7</span><br><span class="line">8</span><br><span class="line">9</span><br><span class="line">10</span><br><span class="line">11</span><br><span class="line">12</span><br><span class="line">13</span><br><span class="line">14</span><br><span class="line">15</span><br></pre></td><td class="code"><pre><span class="line">&lt;!DOCTYPE html&gt;</span><br><span class="line">&lt;html&gt;</span><br><span class="line">&lt;head&gt;</span><br><span class="line">    &lt;title&gt;页内定位示例&lt;/title&gt;</span><br><span class="line">&lt;/head&gt;</span><br><span class="line">&lt;body&gt;</span><br><span class="line"> </span><br><span class="line">&lt;h2&gt;&lt;a href=&quot;#section1&quot;&gt;第一部分&lt;/a&gt;&lt;/h2&gt;</span><br><span class="line">&lt;h2&gt;&lt;a href=&quot;#section2&quot;&gt;第二部分&lt;/a&gt;&lt;/h2&gt;</span><br><span class="line"> </span><br><span class="line">&lt;div id=&quot;section1&quot;&gt;这是第一部分的内容。&lt;/div&gt;</span><br><span class="line">&lt;div id=&quot;section2&quot;&gt;这是第二部分的内容。&lt;/div&gt;</span><br><span class="line"> </span><br><span class="line">&lt;/body&gt;</span><br><span class="line">&lt;/html&gt;</span><br></pre></td></tr></table></figure>]]></content>
    
    
    <summary type="html">&lt;p&gt;HTML页内定位链接可以通过使用锚点（anchor）实现&lt;/p&gt;</summary>
    
    
    
    <category term="网络智能" scheme="https://ptshu.github.io/categories/%E7%BD%91%E7%BB%9C%E6%99%BA%E8%83%BD/"/>
    
    
  </entry>
  
  <entry>
    <title>确定最小动力的方法</title>
    <link href="https://ptshu.github.io/2024/06/05/%E7%A1%AE%E5%AE%9A%E6%9C%80%E5%B0%8F%E5%8A%A8%E5%8A%9B%E7%9A%84%E6%96%B9%E6%B3%95/"/>
    <id>https://ptshu.github.io/2024/06/05/%E7%A1%AE%E5%AE%9A%E6%9C%80%E5%B0%8F%E5%8A%A8%E5%8A%9B%E7%9A%84%E6%96%B9%E6%B3%95/</id>
    <published>2024-06-05T03:54:26.000Z</published>
    <updated>2024-06-05T03:55:15.462Z</updated>
    
    <content type="html"><![CDATA[<p>1、核心是求最大力臂，力臂最大，力最小。<br>2、做最大力臂的垂线，即最小力的方向。<br>3、最大力臂&#x3D;直接连接支点和力的作用点。</p><span id="more"></span>]]></content>
    
    
    <summary type="html">&lt;p&gt;1、核心是求最大力臂，力臂最大，力最小。&lt;br&gt;2、做最大力臂的垂线，即最小力的方向。&lt;br&gt;3、最大力臂&amp;#x3D;直接连接支点和力的作用点。&lt;/p&gt;</summary>
    
    
    
    <category term="教育教学" scheme="https://ptshu.github.io/categories/%E6%95%99%E8%82%B2%E6%95%99%E5%AD%A6/"/>
    
    
  </entry>
  
  <entry>
    <title>部署Github的Hexo和Git</title>
    <link href="https://ptshu.github.io/2024/06/03/%E9%83%A8%E7%BD%B2Github%E7%9A%84Hexo%E5%92%8CGit/"/>
    <id>https://ptshu.github.io/2024/06/03/%E9%83%A8%E7%BD%B2Github%E7%9A%84Hexo%E5%92%8CGit/</id>
    <published>2024-06-03T08:24:25.000Z</published>
    <updated>2024-07-31T14:38:45.395Z</updated>
    
    <content type="html"><![CDATA[<h1 id="HEXO博客信息"><a href="#HEXO博客信息" class="headerlink" title="HEXO博客信息"></a>HEXO博客信息</h1><p>博客域名：<a href="https://ptshu.github.io/">https://ptshu.github.io</a><br>备份仓库：<a href="https://github.com/ptshu/hexo">https://github.com/ptshu/hexo</a></p><span id="more"></span><h1 id="部署Hexo到github"><a href="#部署Hexo到github" class="headerlink" title="部署Hexo到github"></a>部署Hexo到github</h1><p>创建 SSH 密匙：<br>(如果已经创建了，可以跳过直接用户旧的密匙)<br><code>ssh-keygen -t rsa -C  &quot;zskang@qq.com&quot;</code><br>验证连接：<br><code>ssh -T git@github.com</code></p><p>然后在blog的根目录执行命令：</p><figure class="highlight plaintext"><table><tr><td class="gutter"><pre><span class="line">1</span><br></pre></td><td class="code"><pre><span class="line">npm install hexo-cli -g  # 无法执行 hexo 命令则运行此命令</span><br></pre></td></tr></table></figure><p>安装 hexo 时报错：hexo: command not found<br>应该是hexo没有安装成功，可以尝试使用国内的cnpm来安装，与npm安装hexo的命令一样，将npm改成cnpm即可<br>安装cnpm</p><figure class="highlight plaintext"><table><tr><td class="gutter"><pre><span class="line">1</span><br><span class="line">2</span><br><span class="line">3</span><br><span class="line">4</span><br><span class="line">5</span><br><span class="line">6</span><br></pre></td><td class="code"><pre><span class="line">npm install -g cnpm --registry=https://registry.npm.taobao.org</span><br><span class="line">npm install hexo-deployer-git --save # 安装git插件</span><br><span class="line">git config --global user.email zskang@qq.com # 设置github邮箱（github的注册邮箱）</span><br><span class="line">git config --global user.name ‘ptshu’ # 设置用户名（github的注册用户名）</span><br><span class="line"></span><br><span class="line">hexo d                # 部署</span><br></pre></td></tr></table></figure><p>然后开启pages服务可。</p><p>修改根目录_config.yml配置</p><figure class="highlight plaintext"><table><tr><td class="gutter"><pre><span class="line">1</span><br><span class="line">2</span><br><span class="line">3</span><br><span class="line">4</span><br><span class="line">5</span><br></pre></td><td class="code"><pre><span class="line">subtitle: &#x27;ptshu.github.io&#x27;</span><br><span class="line">deploy:</span><br><span class="line">type: git</span><br><span class="line">repo: git@github.com:ptshu/ptshu.github.io.git（将地址换成自己的地址）</span><br><span class="line">branch: master</span><br></pre></td></tr></table></figure><p>修改根\themes\BlueLake_config.yml配置</p><figure class="highlight plaintext"><table><tr><td class="gutter"><pre><span class="line">1</span><br><span class="line">2</span><br><span class="line">3</span><br><span class="line">4</span><br></pre></td><td class="code"><pre><span class="line">valine:</span><br><span class="line">  enable: true # if you want use valine,please set this value is true</span><br><span class="line">  appId: 5eQydp6vwosFE2SwAQvpHOPW-gzGzoHsz # leancloud application app id</span><br><span class="line">  appKey: aBcvJDFuxMP9XFjAojz3SCaN # leancloud application app key</span><br></pre></td></tr></table></figure><p>网络教程：使用 Hexo+GitHub 搭建个人免费博客教程（小白向）<br><a href="https://zhuanlan.zhihu.com/p/60578464">https://zhuanlan.zhihu.com/p/60578464</a></p><h1 id="hexo常用命令"><a href="#hexo常用命令" class="headerlink" title="hexo常用命令"></a>hexo常用命令</h1><figure class="highlight plaintext"><table><tr><td class="gutter"><pre><span class="line">1</span><br><span class="line">2</span><br><span class="line">3</span><br><span class="line">4</span><br><span class="line">5</span><br><span class="line">6</span><br><span class="line">7</span><br><span class="line">8</span><br></pre></td><td class="code"><pre><span class="line">hexo new &quot;name&quot;       # 新建文章</span><br><span class="line">hexo new page &quot;name&quot;  # 新建页面</span><br><span class="line">hexo g                # 生成页面</span><br><span class="line">hexo d                # 部署</span><br><span class="line">hexo g -d             # 生成页面并部署</span><br><span class="line">hexo s                # 本地预览</span><br><span class="line">hexo clean            # 清除缓存和已生成的静态文件</span><br><span class="line">hexo help             # 帮助</span><br></pre></td></tr></table></figure><p>@@@@@@@@@@@@@@@@@@@@@@@@@@@@@@@@@@@@@@@@@@</p><h1 id="部署git到GitHub"><a href="#部署git到GitHub" class="headerlink" title="部署git到GitHub"></a>部署git到GitHub</h1><p>环境搭建<br>Hexo 基于 Node.js，搭建过程中还需要使用 npm（Node.js 已带） 和 git，因此先搭建本地操作环境，安装 Node.js 和 Git。<br>Node.js：<a href="https://nodejs.org/zh-cn">https://nodejs.org/zh-cn</a><br>Git：<a href="https://git-scm.com/downloads">https://git-scm.com/downloads</a><br>下载 Node.js 和 Git 程序并安装，一路点 “下一步” 按默认配置完成安装。</p><p>安装完成后，Win+R 输入 cmd 并打开，依次输入 <code>node -v、npm -v 和 git -v</code> 并回车，如下图出现程序版本号即可。</p><p><img src="/img/hjdj.jpg"></p><p>第二步：生成ssh公钥&#x2F;私钥对。</p><p>（1）先查看之前是否已经生成过公钥，私钥对。<br>打开文件夹 ： C:\Users\用户名.ssh</p><p>如果有上面三个文件，说明已经生成过。则不需要再生成。不需执行下面的步骤。可直接从下面的第（4）小步操作。</p><p>（2）配置Git的用户名，邮箱名。（注意这里的配置是对Git软件的配置只配置一次即可，第四步的远程仓库是对每个本地仓库的配置，也就是每创建一个git本地仓库都要配置）</p><figure class="highlight plaintext"><table><tr><td class="gutter"><pre><span class="line">1</span><br><span class="line">2</span><br><span class="line">3</span><br><span class="line">4</span><br><span class="line">5</span><br><span class="line">6</span><br></pre></td><td class="code"><pre><span class="line">git config --global user.name &quot;用户名（最好是github的用户名）&quot;</span><br><span class="line">git config --global user.email &quot;邮箱（github注册的邮箱）&quot;</span><br><span class="line">然后执行下面命令，查看是否配置成功</span><br><span class="line">git config --list</span><br><span class="line">出现配置的结果成功。</span><br><span class="line">注意：按字母键（Q）退出</span><br></pre></td></tr></table></figure><p>（3）执行生成密钥对命令。<br><code>ssh-keygen -t rsa -C &quot;邮箱&quot;</code></p><p>执行命令，并按回车3下（有提示你是否需要设置密码，所以直接回车跳过，如果设置了每次使用Git会提示输入密码）<br>然后去C:\Users\用户名.ssh文件夹下会有这三个文件</p><p>（4）打开id_rsa.pub的公钥文件，复制里面的内容</p><p>（5）打开GitHub的个人设置界面，点击左下方的ssh公钥：<br>粘贴公钥，填写标题，点击确定。</p><p>ssh登录整个详细过程介绍，可参考：<br><a href="https://www.jianshu.com/p/a3c3628d710b">https://www.jianshu.com/p/a3c3628d710b</a><br><a href="https://www.jianshu.com/p/9998d4d3ba04">https://www.jianshu.com/p/9998d4d3ba04</a><br><a href="https://blog.csdn.net/qq_23167527/article/details/80614454">https://blog.csdn.net/qq_23167527/article/details/80614454</a><br><a href="https://blog.csdn.net/weixin_42201180/article/details/117809437">https://blog.csdn.net/weixin_42201180/article/details/117809437</a></p><p>第三步：使用git推送到远程库。</p><p>（1）在GitHub创建仓库</p><p>然后，按如下方式创建仓库：</p><p>（2）在当前工作目录打开cmd，初始化为git本地库。<br>这个工作目录是要推送的文件所在的文件夹。<br>使用命令(注意有个 .)：</p><p><code>git init .</code></p><p>(3)使用命令查看本地仓库git是否配置过远程仓库。</p><p><code>git remote -v</code></p><p>（4）没有配置过远程仓库。<br>打开上面GitHub创建的仓库，按照下图复制ssh地址。</p><p>然后，在cmd控制台添加远程仓库命令</p><figure class="highlight plaintext"><table><tr><td class="gutter"><pre><span class="line">1</span><br><span class="line">2</span><br><span class="line">3</span><br><span class="line">4</span><br><span class="line">5</span><br><span class="line">6</span><br></pre></td><td class="code"><pre><span class="line">git remote add origin git@github.com:ptshu/file.git</span><br><span class="line">//注:项目地址形式为:https://github.com/ptshu/file.git或者 git@github.com:ptshu/file.git</span><br><span class="line">已存在远程仓库，则修改远程仓库命令</span><br><span class="line">git remote set-url origin &lt;你的项目地址&gt;</span><br><span class="line">git remote set-url origin git@github.com:ptshu/file.git</span><br><span class="line">（项目hexo存放hexo 源文件）</span><br></pre></td></tr></table></figure><p>克隆远程仓库内容<br><code>git clone git@github.com:ptshu/file.git</code></p><p>（5）最后就是基本的推送命令了。</p><figure class="highlight plaintext"><table><tr><td class="gutter"><pre><span class="line">1</span><br><span class="line">2</span><br><span class="line">3</span><br></pre></td><td class="code"><pre><span class="line">git add .</span><br><span class="line">git commit -m &quot;第一次提交&quot;</span><br><span class="line">git push origin master</span><br></pre></td></tr></table></figure><p>直接执行push命令会出问题：</p><p>因为gitee创建的和本地的不是同一个库，所以冲突。如果使用git clone不会出这个问题。可使用下面的命令解决：</p><p><code>git pull origin master --allow-unrelated-histories</code></p><p>然后再执行push命令：</p><p><code>git push origin master</code></p><p>这时执行上面push命令 如果还报错：</p><p>则再将本地的文件提交到本地仓库，再到远程仓库，即(orgin是添加在git 的远程仓库名， master是远程仓库当当前所在的分支）：</p><figure class="highlight plaintext"><table><tr><td class="gutter"><pre><span class="line">1</span><br><span class="line">2</span><br><span class="line">3</span><br><span class="line">4</span><br></pre></td><td class="code"><pre><span class="line">git add .</span><br><span class="line">git commit -m “ptshucn”</span><br><span class="line">git pull origin master --allow-unrelated-histories</span><br><span class="line">git push origin master</span><br></pre></td></tr></table></figure>]]></content>
    
    
    <summary type="html">&lt;h1 id=&quot;HEXO博客信息&quot;&gt;&lt;a href=&quot;#HEXO博客信息&quot; class=&quot;headerlink&quot; title=&quot;HEXO博客信息&quot;&gt;&lt;/a&gt;HEXO博客信息&lt;/h1&gt;&lt;p&gt;博客域名：&lt;a href=&quot;https://ptshu.github.io/&quot;&gt;https://ptshu.github.io&lt;/a&gt;&lt;br&gt;备份仓库：&lt;a href=&quot;https://github.com/ptshu/hexo&quot;&gt;https://github.com/ptshu/hexo&lt;/a&gt;&lt;/p&gt;</summary>
    
    
    
    <category term="hexo博客" scheme="https://ptshu.github.io/categories/hexo%E5%8D%9A%E5%AE%A2/"/>
    
    
    <category term="hexo" scheme="https://ptshu.github.io/tags/hexo/"/>
    
  </entry>
  
  <entry>
    <title>github网页设置成中文</title>
    <link href="https://ptshu.github.io/2024/06/02/github%E7%BD%91%E9%A1%B5%E8%AE%BE%E7%BD%AE%E6%88%90%E4%B8%AD%E6%96%87/"/>
    <id>https://ptshu.github.io/2024/06/02/github%E7%BD%91%E9%A1%B5%E8%AE%BE%E7%BD%AE%E6%88%90%E4%B8%AD%E6%96%87/</id>
    <published>2024-06-02T13:27:10.000Z</published>
    <updated>2024-06-02T13:27:52.738Z</updated>
    
    <content type="html"><![CDATA[<p>方法：<br>使用谷歌浏览器Chrome<br>第一步：下载并安装油猴（不会搜百度教程）<br>第二步：开启油猴，在获取新脚本搜github汉化插件下载即可</p><span id="more"></span>]]></content>
    
    
    <summary type="html">&lt;p&gt;方法：&lt;br&gt;使用谷歌浏览器Chrome&lt;br&gt;第一步：下载并安装油猴（不会搜百度教程）&lt;br&gt;第二步：开启油猴，在获取新脚本搜github汉化插件下载即可&lt;/p&gt;</summary>
    
    
    
    <category term="hexo博客" scheme="https://ptshu.github.io/categories/hexo%E5%8D%9A%E5%AE%A2/"/>
    
    
  </entry>
  
  <entry>
    <title>hexo d 上传错误</title>
    <link href="https://ptshu.github.io/2024/06/02/hexo%20d%20%E4%B8%8A%E4%BC%A0%E9%94%99%E8%AF%AF/"/>
    <id>https://ptshu.github.io/2024/06/02/hexo%20d%20%E4%B8%8A%E4%BC%A0%E9%94%99%E8%AF%AF/</id>
    <published>2024-06-02T11:52:47.000Z</published>
    <updated>2024-06-02T12:36:40.407Z</updated>
    
    <content type="html"><![CDATA[<p>hexo d 上传提示错误如下：<br>Fingerprint:<br>SHA256:hsN3FpUinGIRpww5UI4YXk4YD&#x2F;GdIpm5eRoY69NiPEI</p><p>fatal: Could not read from remote repository.</p><span id="more"></span><p>Fingerprint:<br>SHA256:hsN3FpUinGIRpww5UI4YXk4YD&#x2F;GdIpm5eRoY69NiPEI</p><p>fatal: Could not read from remote repository.</p><p>Please make sure you have the correct access rights<br>and the repository exists.<br>FATAL Something’s wrong. Maybe you can find the solution here: <a href="https://hexo.io/docs/troubleshooting.html">https://hexo.io/docs/troubleshooting.html</a><br>approve</p><p>原因：<br>您的SSH密钥未经验证<br>最近的扫描发现了有效的SSH私钥，xx20231026，链接到您的GitHub帐户在提交的内容.为了保护您的数据免受任何未经授权的访问，我们已经撤销了它，因此，您对GitHub的SSH访问可能会中断。</p><p>解决方法：<br>登录github后，approve批准SSH密钥或者生成一个新的SSH密钥</p>]]></content>
    
    
    <summary type="html">&lt;p&gt;hexo d 上传提示错误如下：&lt;br&gt;Fingerprint:&lt;br&gt;SHA256:hsN3FpUinGIRpww5UI4YXk4YD&amp;#x2F;GdIpm5eRoY69NiPEI&lt;/p&gt;
&lt;p&gt;fatal: Could not read from remote repository.&lt;/p&gt;</summary>
    
    
    
    <category term="hexo博客" scheme="https://ptshu.github.io/categories/hexo%E5%8D%9A%E5%AE%A2/"/>
    
    
  </entry>
  
  <entry>
    <title>valine错误</title>
    <link href="https://ptshu.github.io/2024/06/02/valine%E9%94%99%E8%AF%AF/"/>
    <id>https://ptshu.github.io/2024/06/02/valine%E9%94%99%E8%AF%AF/</id>
    <published>2024-06-02T11:33:23.000Z</published>
    <updated>2024-06-02T11:48:24.931Z</updated>
    
    <content type="html"><![CDATA[<p>valine提示以下错误：<br>Code 504: The app is archived, please restore in console before use. </p><span id="more"></span><p><img src="/img/2024/06/valine1.png"><br>原因是：valine超过30天没有使用被停止，存储服务数据已归档（连续30天无API请求）<br><img src="/img/2024/06/valine2.png"><br>解决办法：点上图中的激活，然后等10-30分钟后就激活成功。</p>]]></content>
    
    
    <summary type="html">&lt;p&gt;valine提示以下错误：&lt;br&gt;Code 504: The app is archived, please restore in console before use. &lt;/p&gt;</summary>
    
    
    
    <category term="hexo博客" scheme="https://ptshu.github.io/categories/hexo%E5%8D%9A%E5%AE%A2/"/>
    
    
  </entry>
  
  <entry>
    <title>八年级物理下学期教学反思</title>
    <link href="https://ptshu.github.io/2024/06/02/%E5%85%AB%E5%B9%B4%E7%BA%A7%E7%89%A9%E7%90%86%E4%B8%8B%E5%AD%A6%E6%9C%9F%E6%95%99%E5%AD%A6%E5%8F%8D%E6%80%9D/"/>
    <id>https://ptshu.github.io/2024/06/02/%E5%85%AB%E5%B9%B4%E7%BA%A7%E7%89%A9%E7%90%86%E4%B8%8B%E5%AD%A6%E6%9C%9F%E6%95%99%E5%AD%A6%E5%8F%8D%E6%80%9D/</id>
    <published>2024-06-02T04:48:37.000Z</published>
    <updated>2024-07-31T14:21:10.448Z</updated>
    
    <content type="html"><![CDATA[<p>在八年级物理下学期的教学过程中，我有了许多新的体会和感悟，也发现了一些需要改进和加强的地方。以下是我对这学期教学工作的反思。</p><span id="more"></span><p>一、成功之处</p><p>（一）激发学生兴趣</p><p>通过引入实际生活中的物理现象和有趣的实验，成功地激发了学生对物理学科的兴趣。例如，在讲解浮力的概念时，让学生亲手将鸡蛋放入不同浓度的盐水中，观察鸡蛋的浮沉情况，使学生直观地感受到浮力的存在和变化，极大地提高了他们的学习积极性。</p><p>（二）多样化教学方法</p><p>采用了多样化的教学方法，如讲授法、讨论法、实验法等，以满足不同学生的学习需求。在讲解较为抽象的物理概念时，先进行理论讲授，然后组织学生进行小组讨论，让他们分享自己的理解和困惑，最后通过实验加以验证和巩固。这种方式有助于学生更好地理解和掌握知识。</p><p>（三）关注个体差异</p><p>在教学中，我尽量关注到每个学生的学习情况和进步，对学习困难的学生给予更多的指导和鼓励。通过课后辅导、单独交流等方式，帮助他们解决学习中遇到的问题，增强他们的学习信心。</p><p>二、不足之处</p><p>（一）教学进度把控</p><p>在教学过程中，有时会因为某些知识点的深入讲解而导致教学进度稍显滞后，影响了后续内容的学习。这需要我在今后的教学中更加合理地安排教学时间，把握好教学的重点和难点，确保教学进度的顺利进行。</p><p>（二）实验教学效果</p><p>虽然安排了较多的实验，但部分实验由于实验器材的限制或学生操作不熟练等原因，没有达到预期的教学效果。在今后的实验教学中，需要提前做好充分的准备，加强对学生实验操作的指导和训练，提高实验教学的质量。</p><p>（三）学生思维培养</p><p>在培养学生的物理思维能力方面还有所欠缺。有些学生在解决问题时，只是机械地套用公式，缺乏对问题的深入分析和思考。在今后的教学中，要注重引导学生从物理现象中抽象出物理模型，培养他们的逻辑思维和创新能力。</p><p>三、改进措施</p><p>（一）精心规划教学进度</p><p>在学期开始前，详细制定教学计划，合理分配每个章节的教学时间。在教学过程中，根据实际情况及时调整教学进度，确保教学内容的完整性和系统性。</p><p>（二）优化实验教学</p><p>提前检查实验器材，确保其完好无损。在实验前，向学生详细讲解实验目的、步骤和注意事项，并进行示范操作。在学生实验过程中，加强巡视和指导，及时纠正学生的错误操作，鼓励学生积极思考和探索。</p><p>（三）强化思维训练</p><p>在课堂教学中，增加问题引导和讨论环节，鼓励学生提出自己的见解和想法。布置具有一定难度和开放性的作业，培养学生的独立思考和解决问题的能力。同时，加强对学生解题思路和方法的指导，提高他们的思维水平。</p><p>总之，通过对八年级物理下学期教学工作的反思，我认识到了自己的优点和不足。在今后的教学中，我将不断改进教学方法，提高教学质量，努力让学生在物理学习中取得更好的成绩。</p>]]></content>
    
    
    <summary type="html">&lt;p&gt;在八年级物理下学期的教学过程中，我有了许多新的体会和感悟，也发现了一些需要改进和加强的地方。以下是我对这学期教学工作的反思。&lt;/p&gt;</summary>
    
    
    
    <category term="教育教学" scheme="https://ptshu.github.io/categories/%E6%95%99%E8%82%B2%E6%95%99%E5%AD%A6/"/>
    
    
  </entry>
  
  <entry>
    <title>鸭子定律</title>
    <link href="https://ptshu.github.io/2024/03/10/%E9%B8%AD%E5%AD%90%E5%AE%9A%E5%BE%8B/"/>
    <id>https://ptshu.github.io/2024/03/10/%E9%B8%AD%E5%AD%90%E5%AE%9A%E5%BE%8B/</id>
    <published>2024-03-10T11:21:47.000Z</published>
    <updated>2024-03-10T11:22:42.421Z</updated>
    
    <content type="html"><![CDATA[<p>大多数人看到，鸭子在水上悠然地游动，但他们没看到：在水下，鸭子的鸭蹼在拼命划动。</p><span id="more"></span><p>作家刘同曾说过：“你必须非常努力，才能看起来毫不费力”。<br>每一个光鲜亮丽的背后，都是默默努力和付出。</p>]]></content>
    
    
    <summary type="html">&lt;p&gt;大多数人看到，鸭子在水上悠然地游动，但他们没看到：在水下，鸭子的鸭蹼在拼命划动。&lt;/p&gt;</summary>
    
    
    
    <category term="教育教学" scheme="https://ptshu.github.io/categories/%E6%95%99%E8%82%B2%E6%95%99%E5%AD%A6/"/>
    
    
  </entry>
  
  <entry>
    <title>人教版初中数学教材目录</title>
    <link href="https://ptshu.github.io/2024/03/07/%E4%BA%BA%E6%95%99%E7%89%88%E5%88%9D%E4%B8%AD%E6%95%B0%E5%AD%A6%E6%95%99%E6%9D%90%E7%9B%AE%E5%BD%95/"/>
    <id>https://ptshu.github.io/2024/03/07/%E4%BA%BA%E6%95%99%E7%89%88%E5%88%9D%E4%B8%AD%E6%95%B0%E5%AD%A6%E6%95%99%E6%9D%90%E7%9B%AE%E5%BD%95/</id>
    <published>2024-03-07T13:01:32.000Z</published>
    <updated>2024-03-07T13:03:36.003Z</updated>
    
    <content type="html"><![CDATA[<h1 id="七年级上册"><a href="#七年级上册" class="headerlink" title="七年级上册"></a>七年级上册</h1><p>第一章有理数<br>1．1正数和负数<br>1．3有理数的加减法<br>1．4有理数的乘除法<br>1．5有理数的乘方</p><span id="more"></span><p>第二章整式的加减<br>2．1整式<br>2．2整式的加减</p><p>第三章一元一次方程<br>3．1从算式到方程<br>3．2解一元一次方程（一）——合并同类项与移项<br>3．3解一元一次方程（二）——去括号与去分母<br>3．4实际问题与一元一次方程</p><p>第四章图形认识初步<br>4．1多姿多彩的图形<br>4．2直线、射线、线段<br>4．3角<br>4．4课题学习设计制作长方体形状的包装纸盒</p><h1 id="七年级下册"><a href="#七年级下册" class="headerlink" title="七年级下册"></a>七年级下册</h1><p>第五章相交线与平行线<br>5.1相交线<br>5.1.2垂线<br>5.1.3同位角、内错角、同旁内角<br>5.2平行线及其判定<br>5.2.1平行线<br>5.3平行线的性质<br>5.3.1平行线的性质<br>5.3.2命题、定理<br>5.4平移</p><p>第六章平面直角坐标系<br>6.1平面直角坐标系<br>6.2坐标方法的简单应用<br>6.2坐标方法的简单应用</p><p>第七章三角形<br>7.1与三角形有关的线段<br>7.1.2三角形的高、中线与角平分线<br>7.1.3三角形的稳定性<br>7.2与三角形有关的角<br>7.2.2三角形的外角<br>7.3多变形及其内角和<br>7.4课题学习镶嵌</p><p>第八章二元一次方程组<br>8.1二元一次方程组<br>8.2消元——二元一次方程组的解法<br>8.3实际问题与二元一次方程组<br>&#x2F;*8.4三元一次方程组解法举例</p><p>第九章不等式与不等式组<br>9.1不等式<br>9.2实际问题与一元一次不等式<br>9.3一元一次不等式组</p><p>第十章数据的收集、整理与描述<br>10.1统计调查<br>10.2直方图<br>10.3课题学习从数据谈节水</p><h1 id="八年级上册"><a href="#八年级上册" class="headerlink" title="八年级上册"></a>八年级上册</h1><p>第十一章全等三角形<br>11.1全等三角形<br>11.2三角形全等的判定<br>11.3角的平分线的性质</p><p>第十二章轴对称<br>12.1轴对称<br>12.2作轴对称图形<br>12.3等腰三角形</p><p>第十三章实数<br>13.1平方根<br>13.2立方根<br>13.3实数</p><p>第十四章一次函数<br>14.1变量与函数<br>14.2一次函数<br>14.3用函数观点看方程（组）与不等式<br>14.4课题学习选择方案</p><p>第十五章整式的乘除与因式分解<br>15.1整式的乘法<br>15.2乘法公式<br>15.3整式的除法</p><h1 id="八年级下册"><a href="#八年级下册" class="headerlink" title="八年级下册"></a>八年级下册</h1><p>第十六章分式<br>16.1分式<br>16.2分式的运算<br>16.3分式方程</p><p>第十七章反比例函数<br>17.1反比例函数<br>17.2实际问题与反比例函数</p><p>第十八章勾股定理<br>18.1勾股定理<br>18.2勾股定理的逆定理</p><p>第十九章四边形<br>19.1平行四边形<br>19.2特殊的平行四边形<br>19.3梯形<br>19.4课题学习重心</p><p>第二十章数据的分析<br>20.1数据的代表<br>20.2数据的波动<br>20.3课题学习体质健康测试中的数据分析</p><h1 id="九年级上册"><a href="#九年级上册" class="headerlink" title="九年级上册"></a>九年级上册</h1><p>第二十一章二次根式<br>21.1二次根式<br>21.2二次根式的乘除<br>21.3二次根式的加减</p><p>第二十二章一元二次方程<br>22.1一元二次方程<br>22.2降次——解一元二次方程<br>22.3实际问题与一元二次方程</p><p>第二十三章旋转<br>23.1图形的旋转<br>23.2中心对称<br>23.3课题学习图案设计</p><p>第二十四章圆<br>24.1圆<br>24.2点、直线、圆和圆的位置关系<br>24.3正多边形和圆<br>24.4弧长和扇形面积</p><p>第二十五章概率初步<br>25.1随机事件与概率<br>25.2用列举法求概率<br>25.3用频率估计概率<br>25.4课题学习键盘上字母的排列规律</p><h1 id="九年级下册"><a href="#九年级下册" class="headerlink" title="九年级下册"></a>九年级下册</h1><p>第二十六章二次函数<br>26．1二次函数及其图像<br>26．2用函数观点看一元二次方程<br>26．3实际问题与二次函数</p><p>第二十七章相似<br>27．1图形的相似<br>27．2相似三角形<br>27．3位似</p><p>第二十八章锐角三角函数<br>28．1锐角三角函数<br>28．2解直角三角形</p><p>第二十九章投影与视图<br>29．1投影<br>29．2三视图<br>29．3课题学习制作立体模型</p>]]></content>
    
    
    <summary type="html">&lt;h1 id=&quot;七年级上册&quot;&gt;&lt;a href=&quot;#七年级上册&quot; class=&quot;headerlink&quot; title=&quot;七年级上册&quot;&gt;&lt;/a&gt;七年级上册&lt;/h1&gt;&lt;p&gt;第一章有理数&lt;br&gt;1．1正数和负数&lt;br&gt;1．3有理数的加减法&lt;br&gt;1．4有理数的乘除法&lt;br&gt;1．5有理数的乘方&lt;/p&gt;</summary>
    
    
    
    <category term="教育教学" scheme="https://ptshu.github.io/categories/%E6%95%99%E8%82%B2%E6%95%99%E5%AD%A6/"/>
    
    
  </entry>
  
  <entry>
    <title>百度文库内容的复制方法</title>
    <link href="https://ptshu.github.io/2024/03/07/%E7%99%BE%E5%BA%A6%E6%96%87%E5%BA%93-doc%E6%A0%BC%E5%BC%8F%E5%86%85%E5%AE%B9%E7%9A%84%E5%A4%8D%E5%88%B6%E6%96%B9%E6%B3%95/"/>
    <id>https://ptshu.github.io/2024/03/07/%E7%99%BE%E5%BA%A6%E6%96%87%E5%BA%93-doc%E6%A0%BC%E5%BC%8F%E5%86%85%E5%AE%B9%E7%9A%84%E5%A4%8D%E5%88%B6%E6%96%B9%E6%B3%95/</id>
    <published>2024-03-07T12:33:20.000Z</published>
    <updated>2024-03-07T13:09:32.646Z</updated>
    
    <content type="html"><![CDATA[<p>在电脑浏览器无法复制时，把链接发到手机的浏览器或微信上打开就可以复制了。</p><span id="more"></span><p>前提条件是：<br>1、格式为.doc。<br>2、能全文阅读。<br>3、能分享链接（文档合集不行）。</p>]]></content>
    
    
    <summary type="html">&lt;p&gt;在电脑浏览器无法复制时，把链接发到手机的浏览器或微信上打开就可以复制了。&lt;/p&gt;</summary>
    
    
    
    <category term="网络智能" scheme="https://ptshu.github.io/categories/%E7%BD%91%E7%BB%9C%E6%99%BA%E8%83%BD/"/>
    
    
  </entry>
  
</feed>
